run	particle	pdg	kinetic_energy_gev	eta	production_cut_mm	events	seed	root_sha256	git_commit
pion_plus_100gev_eta0_cut0p1mm_seed643031	pion_plus	211	100	0.0	0.1	200	643031	3b4916215fc427e43f71d3f11754eb2be1023aae97c403561a1bf8bad58f867d	6a4aa8e1913193cd4ed7e3ae76f88ba98037400e
pion_plus_100gev_eta0_cut0p1mm_seed643032	pion_plus	211	100	0.0	0.1	200	643032	b559f71264f1f5eb435f75c9c8db7e5319a151bfbd6aaca717c3c236ad5a26b2	6a4aa8e1913193cd4ed7e3ae76f88ba98037400e
pion_plus_100gev_eta0_cut0p1mm_seed643033	pion_plus	211	100	0.0	0.1	200	643033	e09da4f50377c6a600e8c49824351f120eed82c409dd46edfb4c978f1f0453c5	6a4aa8e1913193cd4ed7e3ae76f88ba98037400e
pion_plus_100gev_eta0_cut0p1mm_seed643034	pion_plus	211	100	0.0	0.1	200	643034	156a9c3d394f2b71722f28e9203cfceed078a3e1a323a51c989a6ff765a072a2	6a4aa8e1913193cd4ed7e3ae76f88ba98037400e
pion_plus_100gev_eta0_cut0p1mm_seed643035	pion_plus	211	100	0.0	0.1	200	643035	31ea03e76b74c42aa2b2777e0eb4c43bf38fa493ace65748b2efd9093a49edb8	6a4aa8e1913193cd4ed7e3ae76f88ba98037400e
pion_plus_100gev_eta0_cut1mm_seed643031	pion_plus	211	100	0.0	1.0	200	643031	669575c24230606a7391babfdb89fe49014556c07385e7fcbf507c57d0f9ab16	6a4aa8e1913193cd4ed7e3ae76f88ba98037400e
pion_plus_100gev_eta0_cut1mm_seed643032	pion_plus	211	100	0.0	1.0	200	643032	45b1c3f51348a310b1b612ac39d37b6e1525ea23c7ddc1dbe6bf7d5784dcc119	6a4aa8e1913193cd4ed7e3ae76f88ba98037400e
pion_plus_100gev_eta0_cut1mm_seed643033	pion_plus	211	100	0.0	1.0	200	643033	0ea0cd9a5540566ef3f39696248e7a7f3b5ad98d5711f494f85cbd34730578f2	6a4aa8e1913193cd4ed7e3ae76f88ba98037400e
pion_plus_100gev_eta0_cut1mm_seed643034	pion_plus	211	100	0.0	1.0	200	643034	170ea8bf19b6188e6f4759c17be6c748b1d19ad1ca6a683cbdc495674ef80a9e	6a4aa8e1913193cd4ed7e3ae76f88ba98037400e
pion_plus_100gev_eta0_cut1mm_seed643035	pion_plus	211	100	0.0	1.0	200	643035	9ac8877c20df2bcfa0e5f0deeb906330952cbb550034945c95c336801df360d8	6a4aa8e1913193cd4ed7e3ae76f88ba98037400e
pion_plus_100gev_eta0_cut10mm_seed643031	pion_plus	211	100	0.0	10.0	200	643031	ac10364aed7968d0489d50a43abff2fa68628372739d7d2ca84dac4969f0d7bd	6a4aa8e1913193cd4ed7e3ae76f88ba98037400e
pion_plus_100gev_eta0_cut10mm_seed643032	pion_plus	211	100	0.0	10.0	200	643032	d0d7692b3cf159adbf59db0d14b719427665c4ecb5602afc37c886df5d058d2f	6a4aa8e1913193cd4ed7e3ae76f88ba98037400e
pion_plus_100gev_eta0_cut10mm_seed643033	pion_plus	211	100	0.0	10.0	200	643033	cb41c1ae0625f1122178de6fe1ab003cac581eac6a9cc598d9082c41db82116e	6a4aa8e1913193cd4ed7e3ae76f88ba98037400e
pion_plus_100gev_eta0_cut10mm_seed643034	pion_plus	211	100	0.0	10.0	200	643034	491841250d6292e11ba421213dbe0d9328388a692f61271680f3928e0ffecf58	6a4aa8e1913193cd4ed7e3ae76f88ba98037400e
pion_plus_100gev_eta0_cut10mm_seed643035	pion_plus	211	100	0.0	10.0	200	643035	dfb5987f947ee67d7a760c44b44498850a768274cfaac2917d92cda8a5bd322b	6a4aa8e1913193cd4ed7e3ae76f88ba98037400e
pion_plus_100gev_eta0p4_cut0p1mm_seed643031	pion_plus	211	100	0.4	0.1	200	643031	f80d12404893fdfcc348de3de63d199590f4c051ed878376b80310833f6597a1	6a4aa8e1913193cd4ed7e3ae76f88ba98037400e
pion_plus_100gev_eta0p4_cut0p1mm_seed643032	pion_plus	211	100	0.4	0.1	200	643032	bff314e52f39110ec56a415a97f5ae7189c1743ace1b331fbd1aa9096528b700	6a4aa8e1913193cd4ed7e3ae76f88ba98037400e
pion_plus_100gev_eta0p4_cut0p1mm_seed643033	pion_plus	211	100	0.4	0.1	200	643033	f4be5f3997ce5183c19359645a8f55180bef2c28ce4f7600b51b5e43e7acd9e4	6a4aa8e1913193cd4ed7e3ae76f88ba98037400e
pion_plus_100gev_eta0p4_cut0p1mm_seed643034	pion_plus	211	100	0.4	0.1	200	643034	61a8a9e11d1f67b974f7de77dc5db6f46301056df49316fb727897fa4d725c93	6a4aa8e1913193cd4ed7e3ae76f88ba98037400e
pion_plus_100gev_eta0p4_cut0p1mm_seed643035	pion_plus	211	100	0.4	0.1	200	643035	f16aad9b9a87f89bf76543a3284350bfa5670dea7782433091ab0c0e3942d4f6	6a4aa8e1913193cd4ed7e3ae76f88ba98037400e
pion_plus_100gev_eta0p4_cut1mm_seed643031	pion_plus	211	100	0.4	1.0	200	643031	82b3178c97474fe7c2a8487de65f15e234c46debe1c2c4ab9040a520a534c71f	6a4aa8e1913193cd4ed7e3ae76f88ba98037400e
pion_plus_100gev_eta0p4_cut1mm_seed643032	pion_plus	211	100	0.4	1.0	200	643032	1ef275feb887ad0f4204f08f938dcc25c4abc9d16000c56d8b6d9c395be46271	6a4aa8e1913193cd4ed7e3ae76f88ba98037400e
pion_plus_100gev_eta0p4_cut1mm_seed643033	pion_plus	211	100	0.4	1.0	200	643033	f9ebf429bbc8192cb1c067e15e80529c05b20764c8befd263c4c51791390e19c	6a4aa8e1913193cd4ed7e3ae76f88ba98037400e
pion_plus_100gev_eta0p4_cut1mm_seed643034	pion_plus	211	100	0.4	1.0	200	643034	073461d3aafa061d5629eff9fb38ff65eb04dbe352444082d5a5b42c462e7ec5	6a4aa8e1913193cd4ed7e3ae76f88ba98037400e
pion_plus_100gev_eta0p4_cut1mm_seed643035	pion_plus	211	100	0.4	1.0	200	643035	ae5dc74a2f12c46ae5d4714745ba6435eadd775f43e9b7d4d2dcc7c32ca85895	6a4aa8e1913193cd4ed7e3ae76f88ba98037400e
pion_plus_100gev_eta0p4_cut10mm_seed643031	pion_plus	211	100	0.4	10.0	200	643031	e7129c9b3df9a4ed7f37d74f0a3836443126039219ec14c96f57823431f2589b	6a4aa8e1913193cd4ed7e3ae76f88ba98037400e
pion_plus_100gev_eta0p4_cut10mm_seed643032	pion_plus	211	100	0.4	10.0	200	643032	114242a4501395b791d1f630b727bb10452f38383dc145ec78a33cecb30bdbb4	6a4aa8e1913193cd4ed7e3ae76f88ba98037400e
pion_plus_100gev_eta0p4_cut10mm_seed643033	pion_plus	211	100	0.4	10.0	200	643033	41715c502baa3e0ef53c25aed0aca0f906aa865dd11064da1bd3a6b179dff6c8	6a4aa8e1913193cd4ed7e3ae76f88ba98037400e
pion_plus_100gev_eta0p4_cut10mm_seed643034	pion_plus	211	100	0.4	10.0	200	643034	756d21eba9b40fff8ac004a4e95de80d914e5724a7f23df5eb7817dd6bd9741e	6a4aa8e1913193cd4ed7e3ae76f88ba98037400e
pion_plus_100gev_eta0p4_cut10mm_seed643035	pion_plus	211	100	0.4	10.0	200	643035	49e594c42234c386058dd98e7cf698cf5e160336448d485f5c7889e57730daeb	6a4aa8e1913193cd4ed7e3ae76f88ba98037400e
pion_plus_100gev_eta0p8_cut0p1mm_seed643031	pion_plus	211	100	0.8	0.1	200	643031	6ef2bdd084076ea5593bec0d9354b5299db7e2a28ae52da03dfc5c89f0cfdce9	6a4aa8e1913193cd4ed7e3ae76f88ba98037400e
pion_plus_100gev_eta0p8_cut0p1mm_seed643032	pion_plus	211	100	0.8	0.1	200	643032	c7ae4a17041b0ebd3e19259fb1ddd43546bf8f3030a5fd75a253bb8eac2e6edd	6a4aa8e1913193cd4ed7e3ae76f88ba98037400e
pion_plus_100gev_eta0p8_cut0p1mm_seed643033	pion_plus	211	100	0.8	0.1	200	643033	7a48931ba7063f485fea2b0c216e4296e57eb883e0a8a53eccc1a21b63d3d726	6a4aa8e1913193cd4ed7e3ae76f88ba98037400e
pion_plus_100gev_eta0p8_cut0p1mm_seed643034	pion_plus	211	100	0.8	0.1	200	643034	5c6e58217138736e3ed9074d27e9004ad7c84fe9e312b148f3e74a3f3a1181ab	6a4aa8e1913193cd4ed7e3ae76f88ba98037400e
pion_plus_100gev_eta0p8_cut0p1mm_seed643035	pion_plus	211	100	0.8	0.1	200	643035	432e4907dc705a5443fa7b0a1560e71606265d08d389933b844d1e6b5c4e94e1	6a4aa8e1913193cd4ed7e3ae76f88ba98037400e
pion_plus_100gev_eta0p8_cut1mm_seed643031	pion_plus	211	100	0.8	1.0	200	643031	287bd3084388c3690d2bacb4ab583561fc80ac9eb222ae962f99f25302954eb1	6a4aa8e1913193cd4ed7e3ae76f88ba98037400e
pion_plus_100gev_eta0p8_cut1mm_seed643032	pion_plus	211	100	0.8	1.0	200	643032	66a2db8e8db705633741a9daca810f11d6785b9c56c3ed8a911afbbf7e0e84f0	6a4aa8e1913193cd4ed7e3ae76f88ba98037400e
pion_plus_100gev_eta0p8_cut1mm_seed643033	pion_plus	211	100	0.8	1.0	200	643033	c57a519a9692b9d6893b28cc1a9c07eff3acbe39c81eed4ddaeb9da021c331e5	6a4aa8e1913193cd4ed7e3ae76f88ba98037400e
pion_plus_100gev_eta0p8_cut1mm_seed643034	pion_plus	211	100	0.8	1.0	200	643034	85d2126ac2b2325602b082833a6641a7df3f412c8ff714e48ac494887f312b62	6a4aa8e1913193cd4ed7e3ae76f88ba98037400e
pion_plus_100gev_eta0p8_cut1mm_seed643035	pion_plus	211	100	0.8	1.0	200	643035	aae1b2502572fc73af8aebb9ca49bea37f39008756a02c6b6ca355f59055cda1	6a4aa8e1913193cd4ed7e3ae76f88ba98037400e
pion_plus_100gev_eta0p8_cut10mm_seed643031	pion_plus	211	100	0.8	10.0	200	643031	282e4f4928acec68fc95ced602c3fb709a0ffae03a8393bb1d8afd1d3c22b0ed	6a4aa8e1913193cd4ed7e3ae76f88ba98037400e
pion_plus_100gev_eta0p8_cut10mm_seed643032	pion_plus	211	100	0.8	10.0	200	643032	edd5db3c0881307a30138eccdf0ffd87af32b9eedb406bb45409af7859c5280f	6a4aa8e1913193cd4ed7e3ae76f88ba98037400e
pion_plus_100gev_eta0p8_cut10mm_seed643033	pion_plus	211	100	0.8	10.0	200	643033	df956643ca79f6e5f1d87ee2779d56fd8a2001c4be1a485594d58e4f7fa6412f	6a4aa8e1913193cd4ed7e3ae76f88ba98037400e
pion_plus_100gev_eta0p8_cut10mm_seed643034	pion_plus	211	100	0.8	10.0	200	643034	2a8cd25d385d336213e08c86fdc979ceee56b54023307fd14e060cc2e826e51d	6a4aa8e1913193cd4ed7e3ae76f88ba98037400e
pion_plus_100gev_eta0p8_cut10mm_seed643035	pion_plus	211	100	0.8	10.0	200	643035	9147c9d91a72e6482c54b82e6292069c66055a4ff331721c14e786575607c9ac	6a4aa8e1913193cd4ed7e3ae76f88ba98037400e
